month,demand
2005-01,169
2005-02,163
2005-03,185
2005-04,197
2005-05,209
2005-06,213
2005-07,224
2005-08,217
2005-09,205
2005-10,211
2005-11,250
2005-12,251
2006-01,177
2006-02,168
2006-03,195
2006-04,208
2006-05,222
2006-06,228
2006-07,226
2006-08,227
2006-09,209
2006-10,233
2006-11,260
2006-12,270
2007-01,179
2007-02,181
2007-03,207
2007-04,213
2007-05,231
2007-06,237
2007-07,219
2007-08,234
2007-09,230
2007-10,246
2007-11,269
2007-12,274
2008-01,188
2008-02,199
2008-03,214
2008-04,236
2008-05,245
2008-06,251
2008-07,234
2008-08,258
2008-09,230
2008-10,245
2008-11,283
2008-12,304
2009-01,197
2009-02,219
2009-03,226
2009-04,239
2009-05,243
2009-06,253
2009-07,264
2009-08,262
2009-09,257
2009-10,265
2009-11,293
2009-12,313
2010-01,198
2010-02,215
2010-03,237
2010-04,270
2010-05,259
2010-06,267
2010-07,271
2010-08,289
2010-09,245
2010-10,267
2010-11,305
2010-12,315
2011-01,211
2011-02,218
2011-03,242
2011-04,245
2011-05,270
2011-06,277
2011-07,283
2011-08,281
2011-09,269
2011-10,268
2011-11,309
2011-12,310
2012-01,205
2012-02,209
2012-03,249
2012-04,278
2012-05,271
2012-06,268
2012-07,281
2012-08,295
2012-09,281
2012-10,287
2012-11,323
2012-12,342
2013-01,222
2013-02,238
2013-03,269
2013-04,288
2013-05,294
2013-06,300
2013-07,301
2013-08,302
2013-09,294
2013-10,285
2013-11,336
2013-12,348
2014-01,231
2014-02,235
2014-03,280
2014-04,269
2014-05,296
2014-06,307
2014-07,304
2014-08,319
2014-09,299
2014-10,310
2014-11,351
2014-12,380
2015-01,242
2015-02,253
2015-03,292
2015-04,304
2015-05,312
2015-06,327
2015-07,322
2015-08,323
2015-09,298
2015-10,312
2015-11,369
2015-12,384
2016-01,262
2016-02,263
2016-03,279
2016-04,304
2016-05,324
2016-06,322
2016-07,344
2016-08,339
2016-09,319
2016-10,317
2016-11,383
2016-12,381
2017-01,250
2017-02,256
2017-03,303
2017-04,310
2017-05,330
2017-06,330
2017-07,340
2017-08,339
2017-09,336
2017-10,342
2017-11,392
2017-12,392
2018-01,259
2018-02,267
2018-03,314
2018-04,323
2018-05,338
2018-06,353
2018-07,364
2018-08,343
2018-09,337
2018-10,360
2018-11,386
2018-12,410
2019-01,271
2019-02,288
2019-03,307
2019-04,330
2019-05,353
2019-06,359
2019-07,371
2019-08,360
2019-09,324
2019-10,354
2019-11,390
2019-12,425
2020-01,278
2020-02,305
2020-03,322
2020-04,356
2020-05,355
2020-06,349
2020-07,377
2020-08,369
2020-09,347
2020-10,359
2020-11,417
2020-12,450
2021-01,285
2021-02,314
2021-03,325
2021-04,362
2021-05,374
2021-06,361
2021-07,393
2021-08,375
2021-09,362
2021-10,372
2021-11,421
2021-12,448
2022-01,302
2022-02,311
2022-03,355
2022-04,379
2022-05,374
2022-06,380
2022-07,392
2022-08,387
2022-09,359
2022-10,376
2022-11,435
2022-12,466
2023-01,313
2023-02,316
2023-03,359
2023-04,373
2023-05,380
2023-06,398
2023-07,390
2023-08,397
2023-09,375
2023-10,400
2023-11,457
2023-12,470
2024-01,320
2024-02,304
2024-03,357
2024-04,398
2024-05,388
2024-06,411
2024-07,417
2024-08,404
2024-09,387
2024-10,416
2024-11,465
2024-12,486
